us,adelanto,Adelanto,CA,21955,34.5827778,-117.4083333
us,agoura hills,Agoura Hills,CA,22222,34.1363889,-118.7736111
us,alameda,Alameda,CA,70443,37.7652778,-122.2405556
us,alamo,Alamo,CA,17764,37.8502778,-122.0311111
us,albany,Albany,CA,16144,37.8869444,-122.2966667
us,alhambra,Alhambra,CA,88386,34.0952778,-118.1261111
us,aliso viejo,Aliso Viejo,CA,41314,33.6083333,-117.7444444
us,alondra park,Alondra Park,CA,8028,33.8894444,-118.3300000
us,alpine,Alpine,CA,15391,32.8350000,-116.7655556
us,altadena,Altadena,CA,43226,34.1897222,-118.1302778
us,american canyon,American Canyon,CA,15513,38.1750000,-122.2597222
us,anaheim,Anaheim,CA,333689,33.8352778,-117.9136111
us,anderson,Anderson,CA,10684,40.4483333,-122.2966667
us,antioch,Antioch,CA,106038,38.0050000,-121.8047222
us,apple valley,Apple Valley,CA,64271,34.5008333,-117.1850000
us,aptos,Aptos,CA,9701,36.9772222,-121.8983333
us,arcadia,Arcadia,CA,56716,34.1397222,-118.0344444
us,arcata,Arcata,CA,17199,40.8666667,-124.0816667
us,arroyo grande,Arroyo Grande,CA,16613,35.1186111,-120.5897222
us,artesia,Artesia,CA,16992,33.8658333,-118.0822222
us,arvin,Arvin,CA,14744,35.2091667,-118.8275000
us,ashland,Ashland,CA,23467,37.6947222,-122.1127778
us,atascadero,Atascadero,CA,27308,35.4894444,-120.6697222
us,atwater,Atwater,CA,29686,37.3477778,-120.6080556
us,auburn,Auburn,CA,12523,38.8966667,-121.0758333
us,avenal,Avenal,CA,16727,36.0041667,-120.1280556
us,avocado heights,Avocado Heights,CA,15832,34.0361111,-117.9902778
us,azusa,Azusa,CA,48297,34.1336111,-117.9066667
us,bakersfield,Bakersfield,CA,291389,35.3733333,-119.0177778
us,baldwin park,Baldwin Park,CA,80566,34.0852778,-117.9600000
us,banning,Banning,CA,30411,33.9255556,-116.8755556
us,barstow,Barstow,CA,24202,34.8986111,-117.0219444
us,bay point,Bay Point,CA,24125,38.0291667,-121.9605556
us,beaumont,Beaumont,CA,18593,33.9294444,-116.9763889
us,bell,Bell,CA,38335,33.9775000,-118.1861111
us,bell gardens,Bell Gardens,CA,46119,33.9652778,-118.1505556
us,bellflower,Bellflower,CA,75847,33.8816667,-118.1161111
us,belmont,Belmont,CA,23998,37.5202778,-122.2747222
us,benicia,Benicia,CA,26742,38.0494444,-122.1575000
us,berkeley,Berkeley,CA,100158,37.8716667,-122.2716667
us,beverly hills,Beverly Hills,CA,35355,34.0736111,-118.3994444
us,bloomington,Bloomington,CA,22003,34.0702778,-117.3950000
us,blythe,Blythe,CA,22483,33.6102778,-114.5955556
us,bonita,Bonita,CA,12520,32.6577778,-117.0291667
us,bostonia,Bostonia,CA,16168,32.8075000,-116.9355556
us,brawley,Brawley,CA,22185,32.9786111,-115.5294444
us,brea,Brea,CA,39542,33.9166667,-117.8991667
us,brentwood,Brentwood,CA,46669,37.9319444,-121.6947222
us,buena park,Buena Park,CA,79157,33.8675000,-117.9972222
us,burbank,Burbank,CA,104690,34.1808333,-118.3080556
us,burlingame,Burlingame,CA,26777,37.5841667,-122.3650000
us,calabasas,Calabasas,CA,21368,34.1577778,-118.6375000
us,calexico,Calexico,CA,36389,32.6788889,-115.4980556
us,california city,California City,CA,14780,35.1258333,-117.9850000
us,camarillo,Camarillo,CA,62500,34.2163889,-119.0366667
us,cameron park,Cameron Park,CA,16232,38.6688889,-120.9861111
us,campbell,Campbell,CA,36529,37.2872222,-121.9488889
us,canyon lake,Canyon Lake,CA,11582,33.6850000,-117.2722222
us,capitola,Capitola,CA,9573,36.9752778,-121.9522222
us,carlsbad,Carlsbad,CA,91070,33.1580556,-117.3497222
us,carmichael,Carmichael,CA,50992,38.6172222,-121.3272222
us,carpinteria,Carpinteria,CA,13786,34.3988889,-119.5175000
us,carson,Carson,CA,95767,33.8313889,-118.2811111
us,castro valley,Castro Valley,CA,62813,37.6941667,-122.0852778
us,cathedral city,Cathedral City,CA,52991,33.7797222,-116.4644444
us,ceres,Ceres,CA,40082,37.5950000,-120.9566667
us,cerritos,Cerritos,CA,53305,33.8583333,-118.0638889
us,charter oak,Charter Oak,CA,9244,34.1030556,-117.8450000
us,cherryland,Cherryland,CA,15585,37.6794444,-122.1022222
us,chico,Chico,CA,70565,39.7286111,-121.8363889
us,chino,Chino,CA,75494,34.0122222,-117.6880556
us,chino hills,Chino Hills,CA,78211,33.8936111,-117.7263889
us,chowchilla,Chowchilla,CA,14898,37.1230556,-120.2591667
us,chula vista,Chula Vista,CA,213032,32.6400000,-117.0833333
us,citrus,Citrus,CA,11308,34.1150000,-117.8908333
us,citrus heights,Citrus Heights,CA,89430,38.7072222,-121.2800000
us,claremont,Claremont,CA,35368,34.0966667,-117.7188889
us,clayton,Clayton,CA,11161,37.9411111,-121.9347222
us,clearlake,Clearlake,CA,14825,38.9583333,-122.6252778
us,clovis,Clovis,CA,86324,36.8252778,-119.7019444
us,coachella,Coachella,CA,30755,33.6802778,-116.1730556
us,coalinga,Coalinga,CA,16331,36.1397222,-120.3591667
us,colton,Colton,CA,52335,34.0738889,-117.3127778
us,commerce,Commerce,CA,13684,34.0005556,-118.1588889
us,compton,Compton,CA,96749,33.8958333,-118.2191667
us,concord,Concord,CA,125626,37.9780556,-122.0300000
us,corcoran,Corcoran,CA,22587,36.0980556,-119.5594444
us,corona,Corona,CA,152954,33.8752778,-117.5655556
us,coronado,Coronado,CA,23571,32.6858333,-117.1822222
us,corte madera,Corte Madera,CA,9154,37.9255556,-122.5263889
us,costa mesa,Costa Mesa,CA,109250,33.6411111,-117.9177778
us,country club,Country Club,CA,9670,37.9688889,-121.3397222
us,covina,Covina,CA,48688,34.0900000,-117.8894444
us,crestline,Crestline,CA,11250,34.2419444,-117.2847222
us,cudahy,Cudahy,CA,25606,33.9605556,-118.1844444
us,culver city,Culver City,CA,40129,34.0211111,-118.3955556
us,cupertino,Cupertino,CA,50934,37.3230556,-122.0311111
us,cypress,Cypress,CA,47371,33.8169444,-118.0363889
us,daly city,Daly City,CA,98959,37.7058333,-122.4608333
us,dana point,Dana Point,CA,35870,33.4669444,-117.6972222
us,danville,Danville,CA,42852,37.8216667,-121.9988889
us,davis,Davis,CA,65806,38.5450000,-121.7394444
us,delano,Delano,CA,44757,35.7688889,-119.2461111
us,desert hot springs,Desert Hot Springs,CA,18991,33.9611111,-116.5008333
us,diamond bar,Diamond Bar,CA,58935,34.0286111,-117.8094444
us,dinuba,Dinuba,CA,18511,36.5433333,-119.3861111
us,dixon,Dixon,CA,16244,38.4455556,-121.8222222
us,downey,Downey,CA,111862,33.9400000,-118.1316667
us,duarte,Duarte,CA,22521,34.1394444,-117.9763889
us,dublin,Dublin,CA,38805,37.7022222,-121.9347222
us,east foothills,East Foothills,CA,8141,37.3811111,-121.8163889
us,east hemet,East Hemet,CA,13876,33.7400000,-116.9380556
us,east la mirada,East La Mirada,CA,9764,33.9244444,-117.9880556
us,east los angeles,East Los Angeles,CA,125157,34.0238889,-118.1711111
us,east palo alto,East Palo Alto,CA,32906,37.4688889,-122.1400000
us,el cajon,El Cajon,CA,94807,32.7947222,-116.9616667
us,el centro,El Centro,CA,38323,32.7919444,-115.5622222
us,el cerrito,El Cerrito,CA,23192,37.9158333,-122.3105556
us,el monte,El Monte,CA,125372,34.0686111,-118.0266667
us,el segundo,El Segundo,CA,16710,33.9191667,-118.4155556
us,el sobrante,El Sobrante,CA,13790,37.9772222,-122.2941667
us,elk grove,Elk Grove,CA,94497,38.4088889,-121.3705556
us,encinitas,Encinitas,CA,61585,33.0369444,-117.2911111
us,escondido,Escondido,CA,137119,33.1191667,-117.0855556
us,eureka,Eureka,CA,25626,40.8022222,-124.1625000
us,exeter,Exeter,CA,10078,36.2961111,-119.1411111
us,fair oaks,Fair Oaks,CA,28989,38.6447222,-121.2711111
us,fairfield,Fairfield,CA,105741,38.2494444,-122.0388889
us,fairview,Fairview,CA,9822,37.6786111,-122.0447222
us,fallbrook,Fallbrook,CA,33617,33.3763889,-117.2502778
us,farmersville,Farmersville,CA,9743,36.2977778,-119.2058333
us,fillmore,Fillmore,CA,15386,34.3991667,-118.9172222
us,florin,Florin,CA,29808,38.4961111,-121.4077778
us,folsom,Folsom,CA,67953,38.6780556,-121.1750000
us,fontana,Fontana,CA,169160,34.0922222,-117.4341667
us,foothill farms,Foothill Farms,CA,17828,38.6763889,-121.3352778
us,fortuna,Fortuna,CA,11162,40.5983333,-124.1561111
us,foster city,Foster City,CA,28532,37.5586111,-122.2700000
us,fountain valley,Fountain Valley,CA,56133,33.7091667,-117.9527778
us,fremont,Fremont,CA,202615,37.5483333,-121.9875000
us,fresno,Fresno,CA,465183,36.7477778,-119.7713889
us,fullerton,Fullerton,CA,135353,33.8702778,-117.9244444
us,galt,Galt,CA,23997,38.2547222,-121.2988889
us,garden acres,Garden Acres,CA,10523,37.9638889,-121.2283333
us,garden grove,Garden Grove,CA,167232,33.7738889,-117.9405556
us,gardena,Gardena,CA,60915,33.8883333,-118.3080556
us,gilroy,Gilroy,CA,45309,37.0058333,-121.5672222
us,glen avon,Glen Avon,CA,16249,34.0116667,-117.4838889
us,glendale,Glendale,CA,203201,34.1425000,-118.2541667
us,glendora,Glendora,CA,51541,34.1361111,-117.8644444
us,goleta,Goleta,CA,28351,34.4358333,-119.8266667
us,gonzales,Gonzales,CA,9054,36.5066667,-121.4433333
us,grand terrace,Grand Terrace,CA,12518,34.0338889,-117.3127778
us,grass valley,Grass Valley,CA,12297,39.2191667,-121.0600000
us,greenfield,Greenfield,CA,13117,36.3208333,-121.2427778
us,grover beach,Grover Beach,CA,12974,35.1216667,-120.6202778
us,hacienda heights,Hacienda Heights,CA,54289,33.9930556,-117.9677778
us,half moon bay,Half Moon Bay,CA,12423,37.4636111,-122.4275000
us,hanford,Hanford,CA,47648,36.3275000,-119.6447222
us,hawaiian gardens,Hawaiian Gardens,CA,15652,33.8313889,-118.0719444
us,hawthorne,Hawthorne,CA,87083,33.9163889,-118.3516667
us,hayward,Hayward,CA,140494,37.6688889,-122.0797222
us,healdsburg,Healdsburg,CA,11360,38.6105556,-122.8680556
us,hemet,Hemet,CA,69039,33.7475000,-116.9711111
us,hercules,Hercules,CA,23819,38.0172222,-122.2875000
us,hermosa beach,Hermosa Beach,CA,19825,33.8622222,-118.3986111
us,hesperia,Hesperia,CA,73640,34.4263889,-117.3000000
us,highland,Highland,CA,51312,34.1283333,-117.2077778
us,hillsborough,Hillsborough,CA,10374,37.5741667,-122.3783333
us,hollister,Hollister,CA,37485,36.8525000,-121.4005556
us,huntington beach,Huntington Beach,CA,195968,33.6602778,-117.9983333
us,huntington park,Huntington Park,CA,63831,33.9816667,-118.2241667
us,imperial,Imperial,CA,10268,32.8475000,-115.5686111
us,imperial beach,Imperial Beach,CA,27091,32.5838889,-117.1122222
us,indio,Indio,CA,65955,33.7205556,-116.2147222
us,inglewood,Inglewood,CA,116158,33.9616667,-118.3522222
us,irvine,Irvine,CA,189297,33.6694444,-117.8222222
us,isla vista,Isla Vista,CA,17716,34.4133333,-119.8600000
us,kerman,Kerman,CA,10647,36.7236111,-120.0588889
us,king city,King City,CA,11431,36.2127778,-121.1250000
us,kingsburg,Kingsburg,CA,11413,36.5138889,-119.5530556
us,la canada flintridge,La Canada Flintridge,CA,21293,34.1991667,-118.1869444
us,la habra,La Habra,CA,59654,33.9319444,-117.9452778
us,la mesa,La Mesa,CA,54087,32.7677778,-117.0222222
us,la mirada,La Mirada,CA,49963,33.9172222,-118.0111111
us,la palma,La Palma,CA,16169,33.8463889,-118.0458333
us,la presa,La Presa,CA,35119,32.7080556,-116.9963889
us,la puente,La Puente,CA,42605,34.0200000,-117.9486111
us,la quinta,La Quinta,CA,37690,33.6633333,-116.3091667
us,la riviera,La Riviera,CA,10104,38.5669444,-121.3558333
us,la verne,La Verne,CA,33698,34.1008333,-117.7669444
us,lafayette,Lafayette,CA,24780,37.8858333,-122.1169444
us,laguna beach,Laguna Beach,CA,24181,33.5422222,-117.7822222
us,laguna hills,Laguna Hills,CA,30843,33.6125000,-117.7119444
us,laguna niguel,Laguna Niguel,CA,66291,33.5225000,-117.7066667
us,laguna woods,Laguna Woods,CA,19862,33.6102778,-117.7244444
us,lake elsinore,Lake Elsinore,CA,40630,33.6680556,-117.3263889
us,lake forest,Lake Forest,CA,76733,33.6469444,-117.6883333
us,lakeside,Lakeside,CA,19293,32.8572222,-116.9213889
us,lakewood,Lakewood,CA,82115,33.8536111,-118.1330556
us,lamont,Lamont,CA,14438,35.2597222,-118.9133333
us,lancaster,Lancaster,CA,129548,34.6980556,-118.1358333
us,larkspur,Larkspur,CA,11667,37.9341667,-122.5341667
us,lathrop,Lathrop,CA,13250,37.8227778,-121.2755556
us,lawndale,Lawndale,CA,32841,33.8872222,-118.3516667
us,lemon grove,Lemon Grove,CA,24802,32.7425000,-117.0305556
us,lemoore,Lemoore,CA,22763,36.3008333,-119.7819444
us,lennox,Lennox,CA,23387,33.9380556,-118.3516667
us,lincoln,Lincoln,CA,33242,38.8916667,-121.2919444
us,linda,Linda,CA,13892,39.1277778,-121.5497222
us,lindsay,Lindsay,CA,10806,36.2030556,-119.0872222
us,livermore,Livermore,CA,80347,37.6819444,-121.7669444
us,livingston,Livingston,CA,12080,37.3869444,-120.7225000
us,lodi,Lodi,CA,62778,38.1302778,-121.2713889
us,loma linda,Loma Linda,CA,20802,34.0483333,-117.2602778
us,lomita,Lomita,CA,20751,33.7922222,-118.3141667
us,lompoc,Lompoc,CA,40957,34.6391667,-120.4569444
us,long beach,Long Beach,CA,482618,33.7669444,-118.1883333
us,los alamitos,Los Alamitos,CA,11718,33.8030556,-118.0716667
us,los altos,Los Altos,CA,26871,37.3852778,-122.1130556
us,los altos hills,Los Altos Hills,CA,8207,37.3797222,-122.1363889
us,los angeles,Los Angeles,CA,3877129,34.0522222,-118.2427778
us,los banos,Los Banos,CA,33317,37.0583333,-120.8488889
us,los gatos,Los Gatos,CA,27551,37.2266667,-121.9736111
us,lynwood,Lynwood,CA,72397,33.9302778,-118.2105556
us,madera,Madera,CA,51451,36.9613889,-120.0597222
us,magalia,Magalia,CA,11577,39.8122222,-121.5772222
us,malibu,Malibu,CA,13769,34.0050000,-118.8091667
us,manhattan beach,Manhattan Beach,CA,37174,33.8847222,-118.4100000
us,manteca,Manteca,CA,65820,37.7975000,-121.2150000
us,marina,Marina,CA,16957,36.6844444,-121.8011111
us,martinez,Martinez,CA,36702,38.0194444,-122.1330556
us,marysville,Marysville,CA,12530,39.1458333,-121.5902778
us,maywood,Maywood,CA,28965,33.9866667,-118.1844444
us,mendota,Mendota,CA,8872,36.7536111,-120.3805556
us,menlo park,Menlo Park,CA,29071,37.4538889,-122.1811111
us,merced,Merced,CA,72619,37.3022222,-120.4819444
us,mill valley,Mill Valley,CA,13219,37.9061111,-122.5438889
us,millbrae,Millbrae,CA,19557,37.5986111,-122.3861111
us,milpitas,Milpitas,CA,62636,37.4283333,-121.9055556
us,mira loma,Mira Loma,CA,18827,33.9925000,-117.5155556
us,mission viejo,Mission Viejo,CA,96287,33.6000000,-117.6711111
us,modesto,Modesto,CA,216008,37.6391667,-120.9958333
us,monrovia,Monrovia,CA,38439,34.1480556,-117.9980556
us,montclair,Montclair,CA,35729,34.0775000,-117.6888889
us,montebello,Montebello,CA,64327,34.0094444,-118.1044444
us,monterey,Monterey,CA,30307,36.6002778,-121.8936111
us,monterey park,Monterey Park,CA,63193,34.0625000,-118.1219444
us,moorpark,Moorpark,CA,37010,34.2855556,-118.8811111
us,moraga,Moraga,CA,16826,37.8350000,-122.1286111
us,moreno valley,Moreno Valley,CA,168629,33.9375000,-117.2297222
us,morgan hill,Morgan Hill,CA,34719,37.1305556,-121.6533333
us,morro bay,Morro Bay,CA,10242,35.3658333,-120.8488889
us,mountain view,Mountain View,CA,68268,37.3861111,-122.0827778
us,murrieta,Murrieta,CA,88714,33.5538889,-117.2130556
us,napa,Napa,CA,77015,38.2972222,-122.2844444
us,national city,National City,CA,62490,32.6780556,-117.0983333
us,newark,Newark,CA,42922,37.5297222,-122.0391667
us,newport beach,Newport Beach,CA,78702,33.6188889,-117.9280556
us,norco,Norco,CA,27346,33.9311111,-117.5477778
us,north auburn,North Auburn,CA,12841,38.9313889,-121.0808333
us,north highlands,North Highlands,CA,45878,38.6858333,-121.3711111
us,norwalk,Norwalk,CA,109111,33.9022222,-118.0808333
us,novato,Novato,CA,48817,38.1075000,-122.5686111
us,oakdale,Oakdale,CA,18668,37.7666667,-120.8461111
us,oakland,Oakland,CA,394579,37.8044444,-122.2697222
us,oakley,Oakley,CA,26774,37.9975000,-121.7113889
us,oceanside,Oceanside,CA,170340,33.1958333,-117.3786111
us,oildale,Oildale,CA,28962,35.4197222,-119.0186111
us,olivehurst,Olivehurst,CA,11919,39.0955556,-121.5511111
us,ontario,Ontario,CA,172808,34.0633333,-117.6500000
us,orange,Orange,CA,133874,33.7877778,-117.8522222
us,orange cove,Orange Cove,CA,9768,36.6244444,-119.3127778
us,orangevale,Orangevale,CA,27318,38.6786111,-121.2247222
us,orinda,Orinda,CA,18251,37.8772222,-122.1786111
us,oroville,Oroville,CA,13197,39.5138889,-121.5552778
us,oxnard,Oxnard,CA,187235,34.1975000,-119.1761111
us,pacific grove,Pacific Grove,CA,15196,36.6177778,-121.9155556
us,pacifica,Pacifica,CA,36472,37.6138889,-122.4858333
us,palm desert,Palm Desert,CA,48531,33.7222222,-116.3736111
us,palm springs,Palm Springs,CA,46680,33.8302778,-116.5444444
us,palmdale,Palmdale,CA,135294,34.5794444,-118.1155556
us,palo alto,Palo Alto,CA,56508,37.4419444,-122.1419444
us,palos verdes estates,Palos Verdes Estates,CA,14036,33.8005556,-118.3891667
us,paradise,Paradise,CA,26949,39.7597222,-121.6208333
us,paramount,Paramount,CA,57275,33.8894444,-118.1588889
us,parlier,Parlier,CA,12811,36.6116667,-119.5261111
us,pasadena,Pasadena,CA,144618,34.1477778,-118.1436111
us,patterson,Patterson,CA,15957,37.4716667,-121.1286111
us,pedley,Pedley,CA,12697,33.9752778,-117.4750000
us,perris,Perris,CA,46318,33.7825000,-117.2277778
us,petaluma,Petaluma,CA,55352,38.2325000,-122.6355556
us,pico rivera,Pico Rivera,CA,66332,33.9830556,-118.0958333
us,piedmont,Piedmont,CA,10619,37.8244444,-122.2305556
us,pinole,Pinole,CA,19540,38.0044444,-122.2977778
us,pismo beach,Pismo Beach,CA,8477,35.1427778,-120.6402778
us,pittsburg,Pittsburg,CA,62838,38.0280556,-121.8836111
us,placentia,Placentia,CA,49160,33.8722222,-117.8694444
us,placerville,Placerville,CA,10274,38.7297222,-120.7975000
us,pleasant hill,Pleasant Hill,CA,34477,37.9480556,-122.0597222
us,pleasanton,Pleasanton,CA,66532,37.6625000,-121.8736111
us,pomona,Pomona,CA,156183,34.0552778,-117.7513889
us,port hueneme,Port Hueneme,CA,21417,34.1477778,-119.1941667
us,porterville,Porterville,CA,44674,36.0652778,-119.0158333
us,poway,Poway,CA,49635,32.9627778,-117.0350000
us,quartz hill,Quartz Hill,CA,10167,34.6452778,-118.2172222
us,ramona,Ramona,CA,17373,33.0416667,-116.8672222
us,rancho cordova,Rancho Cordova,CA,59185,38.5891667,-121.3016667
us,rancho cucamonga,Rancho Cucamonga,CA,168557,34.1063889,-117.5922222
us,rancho mirage,Rancho Mirage,CA,16742,33.7397222,-116.4119444
us,rancho palos verdes,Rancho Palos Verdes,CA,42693,33.7444444,-118.3861111
us,rancho san diego,Rancho San Diego,CA,28267,32.7472222,-116.9344444
us,rancho santa margarita,Rancho Santa Margarita,CA,51344,33.6408333,-117.6022222
us,red bluff,Red Bluff,CA,14036,40.1786111,-122.2347222
us,redding,Redding,CA,91685,40.5866667,-122.3905556
us,redlands,Redlands,CA,70287,34.0555556,-117.1816667
us,redondo beach,Redondo Beach,CA,67791,33.8491667,-118.3875000
us,redwood city,Redwood City,CA,71969,37.4852778,-122.2352778
us,reedley,Reedley,CA,22156,36.5963889,-119.4494444
us,rialto,Rialto,CA,101523,34.1063889,-117.3694444
us,richmond,Richmond,CA,103041,37.9358333,-122.3466667
us,ridgecrest,Ridgecrest,CA,26110,35.6225000,-117.6700000
us,rio linda,Rio Linda,CA,11128,38.6911111,-121.4475000
us,ripon,Ripon,CA,13591,37.7416667,-121.1233333
us,riverbank,Riverbank,CA,18775,37.7361111,-120.9344444
us,riverside,Riverside,CA,297554,33.9533333,-117.3952778
us,rocklin,Rocklin,CA,55007,38.7908333,-121.2347222
us,rohnert park,Rohnert Park,CA,41314,38.3397222,-122.7000000
us,roseland,Roseland,CA,5986,38.4222222,-122.7269444
us,rosemead,Rosemead,CA,56066,34.0805556,-118.0719444
us,rosemont,Rosemont,CA,23273,38.5519444,-121.3636111
us,roseville,Roseville,CA,112647,38.7522222,-121.2869444
us,rossmoor,Rossmoor,CA,10651,33.7855556,-118.0841667
us,rowland heights,Rowland Heights,CA,52377,33.9761111,-117.9044444
us,rubidoux,Rubidoux,CA,32235,33.9961111,-117.4047222
us,sacramento,Sacramento,CA,467898,38.5816667,-121.4933333
us,salinas,Salinas,CA,148691,36.6777778,-121.6544444
us,san anselmo,San Anselmo,CA,11936,37.9747222,-122.5605556
us,san bernardino,San Bernardino,CA,202381,34.1083333,-117.2888889
us,san bruno,San Bruno,CA,39662,37.6305556,-122.4100000
us,san carlos,San Carlos,CA,26630,37.5072222,-122.2594444
us,san clemente,San Clemente,CA,62272,33.4269444,-117.6111111
us,san diego,San Diego,CA,1287050,32.7152778,-117.1563889
us,san dimas,San Dimas,CA,36422,34.1066667,-117.8058333
us,san fernando,San Fernando,CA,24524,34.2819444,-118.4380556
us,san francisco,San Francisco,CA,732072,37.7750000,-122.4183333
us,san gabriel,San Gabriel,CA,41535,34.0961111,-118.1050000
us,san jacinto,San Jacinto,CA,29376,33.7838889,-116.9577778
us,san jose,San Jose,CA,897460,37.3394444,-121.8938889
us,san juan capistrano,San Juan Capistrano,CA,35301,33.5016667,-117.6616667
us,san leandro,San Leandro,CA,79904,37.7250000,-122.1550000
us,san lorenzo,San Lorenzo,CA,23201,37.6811111,-122.1233333
us,san luis obispo,San Luis Obispo,CA,44132,35.2827778,-120.6586111
us,san marcos,San Marcos,CA,69697,33.1433333,-117.1652778
us,san marino,San Marino,CA,13314,34.1213889,-118.1055556
us,san mateo,San Mateo,CA,89982,37.5630556,-122.3244444
us,san pablo,San Pablo,CA,31351,37.9622222,-122.3444444
us,san rafael,San Rafael,CA,55270,37.9736111,-122.5300000
us,san ramon,San Ramon,CA,45993,37.7800000,-121.9769444
us,sanger,Sanger,CA,20772,36.7080556,-119.5550000
us,santa ana,Santa Ana,CA,343054,33.7455556,-117.8669444
us,santa barbara,Santa Barbara,CA,86681,34.4208333,-119.6972222
us,santa clara,Santa Clara,CA,102250,37.3541667,-121.9541667
us,santa clarita,Santa Clarita,CA,168927,34.3916667,-118.5416667
us,santa cruz,Santa Cruz,CA,54617,36.9741667,-122.0297222
us,santa fe springs,Santa Fe Springs,CA,16330,33.9472222,-118.0844444
us,santa maria,Santa Maria,CA,85480,34.9530556,-120.4347222
us,santa monica,Santa Monica,CA,88338,34.0194444,-118.4902778
us,santa paula,Santa Paula,CA,29015,34.3541667,-119.0583333
us,santa rosa,Santa Rosa,CA,155118,38.4405556,-122.7133333
us,santee,Santee,CA,52600,32.8383333,-116.9730556
us,saratoga,Saratoga,CA,28956,37.2638889,-122.0219444
us,scotts valley,Scotts Valley,CA,11120,37.0511111,-122.0136111
us,seal beach,Seal Beach,CA,24404,33.7413889,-118.1038889
us,seaside,Seaside,CA,35762,36.6111111,-121.8505556
us,selma,Selma,CA,22426,36.5708333,-119.6111111
us,shafter,Shafter,CA,14396,35.5005556,-119.2708333
us,shasta lake,Shasta Lake,CA,10611,40.6805556,-122.3697222
us,sierra madre,Sierra Madre,CA,11090,34.1616667,-118.0519444
us,signal hill,Signal Hill,CA,10576,33.8044444,-118.1669444
us,simi valley,Simi Valley,CA,119417,34.2694444,-118.7805556
us,solana beach,Solana Beach,CA,12909,32.9911111,-117.2702778
us,soledad,Soledad,CA,28140,36.4247222,-121.3252778
us,sonoma,Sonoma,CA,9773,38.2919444,-122.4569444
us,soquel,Soquel,CA,5096,36.9880556,-121.9555556
us,south el monte,South El Monte,CA,22049,34.0519444,-118.0458333
us,south gate,South Gate,CA,99922,33.9547222,-118.2111111
us,south lake tahoe,South Lake Tahoe,CA,23925,38.9333333,-119.9833333
us,south pasadena,South Pasadena,CA,24994,34.1161111,-118.1494444
us,south san francisco,South San Francisco,CA,58555,37.6547222,-122.4066667
us,south san jose hills,South San Jose Hills,CA,21779,34.0127778,-117.9038889
us,south whittier,South Whittier,CA,58952,33.9608333,-118.0408333
us,south yuba city,South Yuba City,CA,15217,39.1166667,-121.6380556
us,spring valley,Spring Valley,CA,26180,32.7447222,-116.9980556
us,stanford,Stanford,CA,12574,37.4241667,-122.1650000
us,stanton,Stanton,CA,37914,33.8025000,-117.9922222
us,stockton,Stockton,CA,289580,37.9577778,-121.2897222
us,suisun city,Suisun City,CA,27219,38.2383333,-122.0391667
us,sun city,Sun City,CA,19579,33.7091667,-117.1963889
us,sunnyvale,Sunnyvale,CA,126499,37.3688889,-122.0352778
us,susanville,Susanville,CA,17641,40.4163889,-120.6519444
us,taft,Taft,CA,9295,35.1425000,-119.4555556
us,tehachapi,Tehachapi,CA,12009,35.1322222,-118.4480556
us,temecula,Temecula,CA,85145,33.4936111,-117.1475000
us,temple city,Temple City,CA,37973,34.1072222,-118.0569444
us,thousand oaks,Thousand Oaks,CA,127942,34.1705556,-118.8366667
us,tiburon,Tiburon,CA,8632,37.8736111,-122.4555556
us,torrance,Torrance,CA,144963,33.8358333,-118.3397222
us,tracy,Tracy,CA,83216,37.7397222,-121.4241667
us,truckee,Truckee,CA,15771,39.3280556,-120.1822222
us,tulare,Tulare,CA,50103,36.2077778,-119.3463889
us,turlock,Turlock,CA,67940,37.4947222,-120.8455556
us,tustin,Tustin,CA,68728,33.7458333,-117.8252778
us,tustin foothills,Tustin Foothills,CA,24257,33.7644444,-117.7930556
us,twentynine palms,Twentynine Palms,CA,22642,34.1355556,-116.0533333
us,ukiah,Ukiah,CA,15825,39.1502778,-123.2066667
us,union city,Union City,CA,69530,37.5958333,-122.0180556
us,upland,Upland,CA,74230,34.0975000,-117.6475000
us,vacaville,Vacaville,CA,96469,38.3566667,-121.9866667
us,valinda,Valinda,CA,23721,34.0452778,-117.9427778
us,vallejo,Vallejo,CA,120446,38.1041667,-122.2555556
us,victorville,Victorville,CA,83496,34.5361111,-117.2902778
us,visalia,Visalia,CA,107431,36.3302778,-119.2911111
us,vista,Vista,CA,92707,33.2000000,-117.2416667
us,walnut,Walnut,CA,31720,34.0202778,-117.8644444
us,walnut creek,Walnut Creek,CA,65179,37.9063889,-122.0638889
us,walnut park,Walnut Park,CA,17168,33.9680556,-118.2241667
us,wasco,Wasco,CA,22813,35.5941667,-119.3400000
us,watsonville,Watsonville,CA,45724,36.9102778,-121.7558333
us,west athens,West Athens,CA,9355,33.9233333,-118.3025000
us,west carson,West Carson,CA,21947,33.8216667,-118.2916667
us,west covina,West Covina,CA,109756,34.0686111,-117.9380556
us,west hollywood,West Hollywood,CA,37031,34.0900000,-118.3608333
us,west puente valley,West Puente Valley,CA,24134,34.0516667,-117.9675000
us,west sacramento,West Sacramento,CA,41446,38.5805556,-121.5291667
us,westlake village,Westlake Village,CA,8663,34.1458333,-118.8047222
us,westminster,Westminster,CA,89868,33.7591667,-118.0058333
us,westmont,Westmont,CA,32377,33.9413889,-118.3013889
us,whittier,Whittier,CA,85778,33.9791667,-118.0319444
us,wildomar,Wildomar,CA,16442,33.5988889,-117.2791667
us,willowbrook,Willowbrook,CA,35321,33.9169444,-118.2541667
us,windsor,Windsor,CA,25262,38.5472222,-122.8152778
us,woodland,Woodland,CA,51731,38.6786111,-121.7722222
us,yorba linda,Yorba Linda,CA,64778,33.8886111,-117.8122222
us,yuba city,Yuba City,CA,52432,39.1405556,-121.6158333
us,yucaipa,Yucaipa,CA,50392,34.0336111,-117.0422222
us,yucca valley,Yucca Valley,CA,19344,34.1141667,-116.4313889
us,abilene,Abilene,TX,114247,32.4486111,-99.7327778
us,addison,Addison,TX,13628,32.9616667,-96.8288889
us,alamo,Alamo,TX,16319,26.1833333,-98.1227778
us,aldine,Aldine,TX,15596,29.9322222,-95.3800000
us,alice,Alice,TX,19589,27.7519444,-98.0694444
us,allen,Allen,TX,75868,33.1030556,-96.6702778
us,alvin,Alvin,TX,22103,29.4236111,-95.2438889
us,amarillo,Amarillo,TX,181766,35.2219444,-101.8308333
us,anderson mill,Anderson Mill,TX,8744,30.4547222,-97.8055556
us,andrews,Andrews,TX,9384,32.3186111,-102.5452778
us,angleton,Angleton,TX,18856,29.1691667,-95.4316667
us,aransas pass,Aransas Pass,TX,9121,27.9091667,-97.1497222
us,arlington,Arlington,TX,367535,32.7355556,-97.1077778
us,atascocita,Atascocita,TX,35102,29.9986111,-95.1763889
us,athens,Athens,TX,12387,32.2047222,-95.8552778
us,austin,Austin,TX,678368,30.2669444,-97.7427778
us,azle,Azle,TX,10504,32.8950000,-97.5455556
us,balch springs,Balch Springs,TX,19401,32.7286111,-96.6225000
us,bay city,Bay City,TX,18663,28.9825000,-95.9691667
us,baytown,Baytown,TX,67341,29.7352778,-94.9772222
us,beaumont,Beaumont,TX,111485,30.0858333,-94.1016667
us,bedford,Bedford,TX,49185,32.8438889,-97.1427778
us,beeville,Beeville,TX,13004,28.4005556,-97.7480556
us,bellaire,Bellaire,TX,17436,29.7055556,-95.4586111
us,bellmead,Bellmead,TX,9801,31.5938889,-97.1086111
us,belton,Belton,TX,15177,31.0558333,-97.4641667
us,benbrook,Benbrook,TX,21590,32.6730556,-97.4602778
us,big spring,Big Spring,TX,24122,32.2502778,-101.4783333
us,bonham,Bonham,TX,10782,33.5772222,-96.1780556
us,borger,Borger,TX,13408,35.6677778,-101.3969444
us,brenham,Brenham,TX,14609,30.1666667,-96.3975000
us,bridge city,Bridge City,TX,8693,30.0205556,-93.8455556
us,brownfield,Brownfield,TX,8958,33.1811111,-102.2738889
us,brownsville,Brownsville,TX,168015,25.9013889,-97.4972222
us,brownwood,Brownwood,TX,19534,31.7091667,-98.9908333
us,bryan,Bryan,TX,69621,30.6741667,-96.3697222
us,burkburnett,Burkburnett,TX,10629,34.0977778,-98.5702778
us,burleson,Burleson,TX,28534,32.5419444,-97.3205556
us,canyon,Canyon,TX,13036,34.9802778,-101.9183333
us,canyon lake,Canyon Lake,TX,21649,29.8750000,-98.2622222
us,carrollton,Carrollton,TX,120792,32.9536111,-96.8900000
us,cedar hill,Cedar Hill,TX,44049,32.5883333,-96.9558333
us,cedar park,Cedar Park,TX,51695,30.5050000,-97.8200000
us,channelview,Channelview,TX,31924,29.7758333,-95.1144444
us,cleburne,Cleburne,TX,28981,32.3475000,-97.3863889
us,cloverleaf,Cloverleaf,TX,26557,29.7780556,-95.1716667
us,clute,Clute,TX,10800,29.0244444,-95.3986111
us,college station,College Station,TX,78533,30.6277778,-96.3341667
us,colleyville,Colleyville,TX,22325,32.8808333,-97.1547222
us,commerce,Commerce,TX,9735,33.2469444,-95.8997222
us,conroe,Conroe,TX,41643,30.3116667,-95.4558333
us,converse,Converse,TX,12155,29.5177778,-98.3158333
us,coppell,Coppell,TX,39574,32.9544444,-97.0147222
us,copperas cove,Copperas Cove,TX,30546,31.1238889,-97.9027778
us,corinth,Corinth,TX,19892,33.1538889,-97.0644444
us,corpus christi,Corpus Christi,TX,280382,27.8002778,-97.3961111
us,corsicana,Corsicana,TX,26037,32.0952778,-96.4686111
us,crowley,Crowley,TX,10034,32.5788889,-97.3622222
us,dallas,Dallas,TX,1211704,32.7833333,-96.8000000
us,desoto,DeSoto,TX,45541,32.5897222,-96.8566667
us,deer park,Deer Park,TX,28772,29.7050000,-95.1236111
us,del rio,Del Rio,TX,36068,29.3625000,-100.8963889
us,denison,Denison,TX,23680,33.7555556,-96.5363889
us,denton,Denton,TX,100975,33.2147222,-97.1327778
us,dickinson,Dickinson,TX,18348,29.4605556,-95.0511111
us,donna,Donna,TX,15879,26.1700000,-98.0516667
us,dumas,Dumas,TX,13629,35.8655556,-101.9727778
us,duncanville,Duncanville,TX,34991,32.6516667,-96.9080556
us,eagle pass,Eagle Pass,TX,26090,28.7088889,-100.4991667
us,edinburg,Edinburg,TX,60509,26.3013889,-98.1630556
us,el campo,El Campo,TX,10760,29.1963889,-96.2694444
us,el paso,El Paso,TX,597181,31.7586111,-106.4863889
us,ennis,Ennis,TX,19518,32.3291667,-96.6250000
us,euless,Euless,TX,53221,32.8369444,-97.0816667
us,farmers branch,Farmers Branch,TX,26468,32.9263889,-96.8958333
us,flower mound,Flower Mound,TX,66618,33.0144444,-97.0966667
us,forest hill,Forest Hill,TX,13406,32.6719444,-97.2688889
us,fort worth,Fort Worth,TX,618119,32.7252778,-97.3205556
us,fredericksburg,Fredericksburg,TX,10927,30.2750000,-98.8716667
us,freeport,Freeport,TX,12632,28.9538889,-95.3594444
us,friendswood,Friendswood,TX,34622,29.5291667,-95.2008333
us,frisco,Frisco,TX,71025,33.1505556,-96.8233333
us,gainesville,Gainesville,TX,16301,33.6258333,-97.1330556
us,galena park,Galena Park,TX,10252,29.7333333,-95.2300000
us,galveston,Galveston,TX,56420,29.3011111,-94.7975000
us,garland,Garland,TX,217219,32.9125000,-96.6386111
us,gatesville,Gatesville,TX,15489,31.4350000,-97.7436111
us,georgetown,Georgetown,TX,38895,30.6325000,-97.6769444
us,glenn heights,Glenn Heights,TX,8569,32.5486111,-96.8563889
us,graham,Graham,TX,8636,33.1069444,-98.5891667
us,grand prairie,Grand Prairie,TX,141122,32.7458333,-96.9975000
us,grapevine,Grapevine,TX,49666,32.9341667,-97.0777778
us,greenville,Greenville,TX,25382,33.1383333,-96.1105556
us,groves,Groves,TX,15119,29.9480556,-93.9169444
us,haltom city,Haltom City,TX,41556,32.7994444,-97.2688889
us,harker heights,Harker Heights,TX,19049,31.0833333,-97.6594444
us,harlingen,Harlingen,TX,63159,26.1902778,-97.6958333
us,henderson,Henderson,TX,10921,32.1530556,-94.7991667
us,hereford,Hereford,TX,14372,34.8150000,-102.3972222
us,hewitt,Hewitt,TX,12981,31.4622222,-97.1955556
us,hidalgo,Hidalgo,TX,10343,26.1000000,-98.2627778
us,highland park,Highland Park,TX,8704,32.8333333,-96.7916667
us,highland village,Highland Village,TX,15365,33.0916667,-97.0463889
us,hillsboro,Hillsboro,TX,8936,32.0108333,-97.1297222
us,hondo,Hondo,TX,8410,29.3472222,-99.1411111
us,houston,Houston,TX,2027712,29.7630556,-95.3630556
us,humble,Humble,TX,14723,29.9986111,-95.2619444
us,huntsville,Huntsville,TX,35590,30.7233333,-95.5505556
us,hurst,Hurst,TX,37749,32.8233333,-97.1702778
us,ingleside,Ingleside,TX,9630,27.8775000,-97.2113889
us,irving,Irving,TX,193825,32.8138889,-96.9486111
us,jacinto city,Jacinto City,TX,10121,29.7672222,-95.2336111
us,jacksonville,Jacksonville,TX,13943,31.9636111,-95.2702778
us,jollyville,Jollyville,TX,16148,30.4425000,-97.7747222
us,katy,Katy,TX,13371,29.7855556,-95.8241667
us,keller,Keller,TX,37487,32.9344444,-97.2513889
us,kerrville,Kerrville,TX,21894,30.0472222,-99.1400000
us,kilgore,Kilgore,TX,11509,32.3861111,-94.8755556
us,killeen,Killeen,TX,103009,31.1169444,-97.7275000
us,kingsville,Kingsville,TX,25264,27.5155556,-97.8558333
us,kirby,Kirby,TX,8725,29.4630556,-98.3852778
us,kyle,Kyle,TX,18035,29.9888889,-97.8769444
us,la marque,La Marque,TX,13864,29.3683333,-94.9711111
us,la porte,La Porte,TX,33740,29.6655556,-95.0191667
us,lake jackson,Lake Jackson,TX,27127,29.0336111,-95.4341667
us,lakeway,Lakeway,TX,8235,30.3677778,-97.9913889
us,lamesa,Lamesa,TX,9157,32.7375000,-101.9505556
us,lancaster,Lancaster,TX,29201,32.5919444,-96.7558333
us,laredo,Laredo,TX,210769,27.5061111,-99.5072222
us,league city,League City,TX,61894,29.5072222,-95.0947222
us,leander,Leander,TX,19321,30.5786111,-97.8527778
us,leon valley,Leon Valley,TX,9402,29.4950000,-98.6183333
us,levelland,Levelland,TX,12865,33.5872222,-102.3775000
us,lewisville,Lewisville,TX,93907,33.0461111,-96.9938889
us,liberty,Liberty,TX,8323,30.0577778,-94.7952778
us,little elm,Little Elm,TX,19991,33.1625000,-96.9372222
us,live oak,Live Oak,TX,10193,29.5650000,-98.3361111
us,lockhart,Lockhart,TX,13854,29.8847222,-97.6697222
us,longview,Longview,TX,75920,32.5005556,-94.7402778
us,lubbock,Lubbock,TX,211387,33.5777778,-101.8547222
us,lufkin,Lufkin,TX,33667,31.3380556,-94.7288889
us,lumberton,Lumberton,TX,9486,30.2655556,-94.1994444
us,mansfield,Mansfield,TX,36613,32.5630556,-97.1413889
us,marshall,Marshall,TX,23882,32.5447222,-94.3672222
us,mercedes,Mercedes,TX,14227,26.1494444,-97.9133333
us,mesquite,Mesquite,TX,131337,32.7666667,-96.5988889
us,midland,Midland,TX,97782,31.9972222,-102.0775000
us,midlothian,Midlothian,TX,13676,32.4822222,-96.9941667
us,mineral wells,Mineral Wells,TX,16993,32.8083333,-98.1125000
us,mission,Mission,TX,61486,26.2155556,-98.3250000
us,mission bend,Mission Bend,TX,34143,29.6936111,-95.6647222
us,missouri city,Missouri City,TX,69715,29.6183333,-95.5375000
us,mount pleasant,Mount Pleasant,TX,14403,33.1566667,-94.9680556
us,nacogdoches,Nacogdoches,TX,30691,31.6033333,-94.6552778
us,nederland,Nederland,TX,16679,29.9741667,-93.9922222
us,new braunfels,New Braunfels,TX,45840,29.7027778,-98.1241667
us,north richland hills,North Richland Hills,TX,62821,32.8341667,-97.2286111
us,odessa,Odessa,TX,91256,31.8455556,-102.3672222
us,orange,Orange,TX,17767,30.0927778,-93.7363889
us,palestine,Palestine,TX,17930,31.7619444,-95.6305556
us,pampa,Pampa,TX,16257,35.5361111,-100.9594444
us,paris,Paris,TX,27022,33.6608333,-95.5552778
us,pasadena,Pasadena,TX,144696,29.6908333,-95.2088889
us,pearland,Pearland,TX,55233,29.5633333,-95.2858333
us,pecan grove,Pecan Grove,TX,16050,29.6258333,-95.7313889
us,pecos,Pecos,TX,8372,31.4227778,-103.4927778
us,pflugerville,Pflugerville,TX,29541,30.4391667,-97.6197222
us,pharr,Pharr,TX,60687,26.1944444,-98.1833333
us,plainview,Plainview,TX,21723,34.1847222,-101.7063889
us,plano,Plano,TX,253372,33.0197222,-96.6986111
us,pleasanton,Pleasanton,TX,9507,28.9669444,-98.4783333
us,port arthur,Port Arthur,TX,56945,29.8986111,-93.9286111
us,port lavaca,Port Lavaca,TX,11743,28.6147222,-96.6258333
us,port neches,Port Neches,TX,13101,29.9911111,-93.9583333
us,portland,Portland,TX,15772,27.8769444,-97.3236111
us,raymondville,Raymondville,TX,9331,26.4811111,-97.7827778
us,richardson,Richardson,TX,104791,32.9480556,-96.7294444
us,richland hills,Richland Hills,TX,8173,32.8158333,-97.2277778
us,richmond,Richmond,TX,14136,29.5819444,-95.7605556
us,rio grande city,Rio Grande City,TX,13690,26.3794444,-98.8200000
us,robinson,Robinson,TX,8741,31.4675000,-97.1144444
us,robstown,Robstown,TX,12590,27.7900000,-97.6686111
us,rockport,Rockport,TX,8972,28.0202778,-97.0541667
us,rockwall,Rockwall,TX,29930,32.9311111,-96.4594444
us,rosenberg,Rosenberg,TX,29753,29.5569444,-95.8083333
us,round rock,Round Rock,TX,88653,30.5080556,-97.6786111
us,rowlett,Rowlett,TX,54785,32.9027778,-96.5636111
us,sachse,Sachse,TX,18239,32.9761111,-96.5950000
us,saginaw,Saginaw,TX,18317,32.8600000,-97.3636111
us,san angelo,San Angelo,TX,88256,31.4636111,-100.4366667
us,san antonio,San Antonio,TX,1256810,29.4238889,-98.4933333
us,san benito,San Benito,TX,24506,26.1322222,-97.6308333
us,san juan,San Juan,TX,30647,26.1888889,-98.1550000
us,san marcos,San Marcos,TX,46736,29.8830556,-97.9411111
us,santa fe,Santa Fe,TX,10716,29.3777778,-95.1055556
us,schertz,Schertz,TX,28417,29.5519444,-98.2694444
us,seabrook,Seabrook,TX,12019,29.5638889,-95.0252778
us,seagoville,Seagoville,TX,11007,32.6394444,-96.5380556
us,seguin,Seguin,TX,24000,29.5686111,-97.9644444
us,sherman,Sherman,TX,37108,33.6355556,-96.6086111
us,snyder,Snyder,TX,10600,32.7177778,-100.9172222
us,socorro,Socorro,TX,28637,31.6544444,-106.3027778
us,south houston,South Houston,TX,16041,29.6627778,-95.2352778
us,southlake,Southlake,TX,25755,32.9411111,-97.1338889
us,spring,Spring,TX,38129,30.0797222,-95.4169444
us,stafford,Stafford,TX,19625,29.6158333,-95.5575000
us,stephenville,Stephenville,TX,15637,32.2205556,-98.2019444
us,sugar land,Sugar Land,TX,75777,29.6194444,-95.6347222
us,sulphur springs,Sulphur Springs,TX,15029,33.1383333,-95.6008333
us,sweetwater,Sweetwater,TX,10688,32.4708333,-100.4055556
us,taylor,Taylor,TX,14551,30.5705556,-97.4091667
us,temple,Temple,TX,55703,31.0980556,-97.3425000
us,terrell,Terrell,TX,17150,32.7358333,-96.2750000
us,texarkana,Texarkana,TX,35315,33.4250000,-94.0475000
us,texas city,Texas City,TX,43879,29.3836111,-94.9025000
us,the colony,The Colony,TX,41769,33.0888889,-96.8861111
us,the woodlands,The Woodlands,TX,75527,30.1577778,-95.4891667
us,tomball,Tomball,TX,10080,30.0969444,-95.6158333
us,tyler,Tyler,TX,90878,32.3511111,-95.3008333
us,universal city,Universal City,TX,15983,29.5477778,-98.2908333
us,university park,University Park,TX,23785,32.8500000,-96.8000000
us,uvalde,Uvalde,TX,17904,29.2094444,-99.7858333
us,vernon,Vernon,TX,10541,34.1544444,-99.2647222
us,victoria,Victoria,TX,62044,28.8050000,-97.0033333
us,vidor,Vidor,TX,11213,30.1313889,-94.0152778
us,waco,Waco,TX,118967,31.5491667,-97.1463889
us,watauga,Watauga,TX,24333,32.8577778,-97.2544444
us,waxahachie,Waxahachie,TX,25612,32.3863889,-96.8480556
us,weatherford,Weatherford,TX,23051,32.7591667,-97.7969444
us,webster,Webster,TX,9038,29.5375000,-95.1180556
us,weslaco,Weslaco,TX,32732,26.1591667,-97.9905556
us,west odessa,West Odessa,TX,18455,31.8422222,-102.4983333
us,west university place,West University Place,TX,15107,29.7177778,-95.4336111
us,wharton,Wharton,TX,9310,29.3113889,-96.1025000
us,white settlement,White Settlement,TX,16174,32.7594444,-97.4580556
us,wichita falls,Wichita Falls,TX,101212,33.9136111,-98.4930556
us,woodway,Woodway,TX,8771,31.5058333,-97.2047222
us,wylie,Wylie,TX,28505,33.0150000,-96.5386111
us,albany,Albany,NY,93794,42.6525000,-73.7566667
us,amityville,Amityville,NY,9566,40.6788889,-73.4175000
us,amsterdam,Amsterdam,NY,17735,42.9386111,-74.1886111
us,arlington,Arlington,NY,12640,41.6958333,-73.8972222
us,auburn,Auburn,NY,27873,42.9316667,-76.5663889
us,babylon,Babylon,NY,12839,40.6955556,-73.3261111
us,baldwin,Baldwin,NY,23622,40.6563889,-73.6097222
us,batavia,Batavia,NY,15831,42.9980556,-78.1877778
us,bay shore,Bay Shore,NY,24969,40.7250000,-73.2458333
us,beacon,Beacon,NY,18644,41.5047222,-73.9700000
us,bellmore,Bellmore,NY,16313,40.6686111,-73.5275000
us,bethpage,Bethpage,NY,16791,40.7441667,-73.4825000
us,binghamton,Binghamton,NY,45480,42.0986111,-75.9183333
us,bohemia,Bohemia,NY,9944,40.7691667,-73.1155556
us,brentwood,Brentwood,NY,58107,40.7811111,-73.2466667
us,brighton,Brighton,NY,35844,43.1475000,-77.5508333
us,buffalo,Buffalo,NY,279557,42.8863889,-78.8786111
us,canandaigua,Canandaigua,NY,11655,42.8741667,-77.2883333
us,centereach,Centereach,NY,27338,40.8583333,-73.1000000
us,central islip,Central Islip,NY,34907,40.7905556,-73.2022222
us,cheektowaga,Cheektowaga,NY,77387,42.9033333,-78.7550000
us,cohoes,Cohoes,NY,15183,42.7741667,-73.7005556
us,commack,Commack,NY,36195,40.8427778,-73.2933333
us,copiague,Copiague,NY,22309,40.6813889,-73.4002778
us,coram,Coram,NY,37150,40.8686111,-73.0019444
us,corning,Corning,NY,10451,42.1427778,-77.0550000
us,cortland,Cortland,NY,18017,42.6011111,-76.1808333
us,deer park,Deer Park,NY,27853,40.7616667,-73.3297222
us,depew,Depew,NY,15892,42.9038889,-78.6925000
us,dix hills,Dix Hills,NY,25902,40.8047222,-73.3366667
us,dobbs ferry,Dobbs Ferry,NY,11249,41.0144444,-73.8730556
us,dunkirk,Dunkirk,NY,12451,42.4794444,-79.3341667
us,east islip,East Islip,NY,13854,40.7319444,-73.1861111
us,east massapequa,East Massapequa,NY,19418,40.6733333,-73.4369444
us,east meadow,East Meadow,NY,37427,40.7138889,-73.5594444
us,east northport,East Northport,NY,20887,40.8766667,-73.3250000
us,east patchogue,East Patchogue,NY,20961,40.7669444,-72.9966667
us,east rockaway,East Rockaway,NY,10268,40.6419444,-73.6700000
us,eastchester,Eastchester,NY,18431,40.8883333,-73.8286111
us,elmira,Elmira,NY,30026,42.0897222,-76.8080556
us,elmont,Elmont,NY,34479,40.7008333,-73.7133333
us,elwood,Elwood,NY,10830,40.8452778,-73.3355556
us,endicott,Endicott,NY,12802,42.0983333,-76.0497222
us,endwell,Endwell,NY,11219,42.1127778,-76.0213889
us,fairmount,Fairmount,NY,10086,43.0472222,-76.2388889
us,farmingville,Farmingville,NY,17142,40.8311111,-73.0300000
us,floral park,Floral Park,NY,15702,40.7236111,-73.7052778
us,franklin square,Franklin Square,NY,29658,40.7072222,-73.6763889
us,fredonia,Fredonia,NY,10440,42.4400000,-79.3319444
us,freeport,Freeport,NY,43447,40.6575000,-73.5836111
us,fulton,Fulton,NY,11513,43.3227778,-76.4175000
us,garden city,Garden City,NY,21887,40.7266667,-73.6347222
us,geneva,Geneva,NY,13429,42.8688889,-76.9780556
us,glen cove,Glen Cove,NY,26717,40.8622222,-73.6341667
us,glens falls,Glens Falls,NY,14169,43.3094444,-73.6444444
us,gloversville,Gloversville,NY,15120,43.0527778,-74.3441667
us,great neck,Great Neck,NY,9628,40.8005556,-73.7288889
us,greece,Greece,NY,14048,43.2097222,-77.6933333
us,hamburg,Hamburg,NY,9656,42.7158333,-78.8297222
us,harrison,Harrison,NY,25643,40.9688889,-73.7130556
us,hartsdale,Hartsdale,NY,9868,41.0188889,-73.7986111
us,hauppauge,Hauppauge,NY,20108,40.8255556,-73.2030556
us,haverstraw,Haverstraw,NY,10114,41.1975000,-73.9650000
us,hempstead,Hempstead,NY,52837,40.7061111,-73.6191667
us,hicksville,Hicksville,NY,41453,40.7683333,-73.5255556
us,holbrook,Holbrook,NY,28407,40.8122222,-73.0788889
us,holtsville,Holtsville,NY,17914,40.8152778,-73.0455556
us,huntington,Huntington,NY,18334,40.8680556,-73.4261111
us,huntington station,Huntington Station,NY,30484,40.8533333,-73.4119444
us,irondequoit,Irondequoit,NY,51958,43.2133333,-77.5800000
us,islip,Islip,NY,21232,40.7297222,-73.2108333
us,ithaca,Ithaca,NY,31159,42.4405556,-76.4969444
us,jamestown,Jamestown,NY,30077,42.0969444,-79.2355556
us,jericho,Jericho,NY,12898,40.7919444,-73.5402778
us,johnson city,Johnson City,NY,15006,42.1155556,-75.9591667
us,kenmore,Kenmore,NY,15603,42.9658333,-78.8702778
us,kings park,Kings Park,NY,15313,40.8861111,-73.2577778
us,kingston,Kingston,NY,23174,41.9269444,-73.9977778
us,kiryas joel,Kiryas Joel,NY,19382,41.3419444,-74.1683333
us,lackawanna,Lackawanna,NY,18293,42.8255556,-78.8236111
us,lake grove,Lake Grove,NY,10715,40.8527778,-73.1155556
us,lake ronkonkoma,Lake Ronkonkoma,NY,19884,40.8350000,-73.1316667
us,lancaster,Lancaster,NY,11846,42.9005556,-78.6705556
us,levittown,Levittown,NY,52548,40.7258333,-73.5147222
us,lindenhurst,Lindenhurst,NY,29081,40.6866667,-73.3738889
us,lockport,Lockport,NY,21191,43.1705556,-78.6905556
us,long beach,Long Beach,NY,35203,40.5883333,-73.6583333
us,lynbrook,Lynbrook,NY,19626,40.6547222,-73.6722222
us,mamaroneck,Mamaroneck,NY,18153,40.9486111,-73.7330556
us,massapequa,Massapequa,NY,22776,40.6805556,-73.4747222
us,massapequa park,Massapequa Park,NY,17313,40.6802778,-73.4555556
us,massena,Massena,NY,10892,44.9280556,-74.8922222
us,mastic,Mastic,NY,16155,40.8019444,-72.8413889
us,mastic beach,Mastic Beach,NY,12086,40.7666667,-72.8525000
us,medford,Medford,NY,22152,40.8175000,-73.0005556
us,melville,Melville,NY,15428,40.7933333,-73.4155556
us,merrick,Merrick,NY,22457,40.6627778,-73.5519444
us,middletown,Middletown,NY,26096,41.4458333,-74.4233333
us,mineola,Mineola,NY,19006,40.7491667,-73.6411111
us,monsey,Monsey,NY,14638,41.1111111,-74.0688889
us,mount kisco,Mount Kisco,NY,10019,41.2041667,-73.7275000
us,mount vernon,Mount Vernon,NY,68137,40.9125000,-73.8375000
us,nanuet,Nanuet,NY,17973,41.0886111,-74.0138889
us,nesconset,Nesconset,NY,12546,40.8519444,-73.1544444
us,new cassel,New Cassel,NY,14907,40.7588889,-73.5700000
us,new city,New City,NY,33942,41.1475000,-73.9897222
us,new hyde park,New Hyde Park,NY,9477,40.7350000,-73.6883333
us,new rochelle,New Rochelle,NY,72786,40.9113889,-73.7827778
us,new york,New York,NY,8107916,40.7141667,-74.0063889
us,newark,Newark,NY,9365,43.0466667,-77.0955556
us,newburgh,Newburgh,NY,28476,41.5033333,-74.0108333
us,niagara falls,Niagara Falls,NY,53054,43.0944444,-79.0569444
us,north amityville,North Amityville,NY,17890,40.6975000,-73.4255556
us,north babylon,North Babylon,NY,17642,40.7163889,-73.3222222
us,north bay shore,North Bay Shore,NY,16023,40.7361111,-73.2630556
us,north bellmore,North Bellmore,NY,20097,40.6913889,-73.5338889
us,north lindenhurst,North Lindenhurst,NY,12282,40.7141667,-73.3819444
us,north massapequa,North Massapequa,NY,18903,40.7008333,-73.4625000
us,north merrick,North Merrick,NY,11628,40.6911111,-73.5636111
us,north new hyde park,North New Hyde Park,NY,14514,40.7430556,-73.6936111
us,north tonawanda,North Tonawanda,NY,31825,43.0386111,-78.8644444
us,north valley stream,North Valley Stream,NY,16266,40.6850000,-73.7022222
us,north wantagh,North Wantagh,NY,12005,40.6933333,-73.5080556
us,oceanside,Oceanside,NY,32622,40.6386111,-73.6405556
us,ogdensburg,Ogdensburg,NY,11455,44.6941667,-75.4866667
us,olean,Olean,NY,14823,42.0775000,-78.4300000
us,oneida,Oneida,NY,10945,43.0925000,-75.6516667
us,oneonta,Oneonta,NY,12328,42.4527778,-75.0641667
us,ossining,Ossining,NY,24376,41.1627778,-73.8619444
us,oswego,Oswego,NY,18434,43.4552778,-76.5108333
us,patchogue,Patchogue,NY,12030,40.7655556,-73.0155556
us,pearl river,Pearl River,NY,15544,41.0588889,-74.0222222
us,peekskill,Peekskill,NY,24117,41.2900000,-73.9208333
us,plainview,Plainview,NY,25174,40.7763889,-73.4677778
us,plattsburgh,Plattsburgh,NY,19229,44.6994444,-73.4533333
us,port chester,Port Chester,NY,27990,41.0016667,-73.6661111
us,port jervis,Port Jervis,NY,9159,41.3750000,-74.6930556
us,port washington,Port Washington,NY,15016,40.8255556,-73.6986111
us,potsdam,Potsdam,NY,9666,44.6697222,-74.9816667
us,poughkeepsie,Poughkeepsie,NY,30345,41.7002778,-73.9213889
us,ridge,Ridge,NY,14120,40.8938889,-72.8963889
us,rochester,Rochester,NY,211354,43.1547222,-77.6158333
us,rome,Rome,NY,34074,43.2127778,-75.4561111
us,ronkonkoma,Ronkonkoma,NY,19705,40.8152778,-73.1127778
us,roosevelt,Roosevelt,NY,16129,40.6786111,-73.5894444
us,rotterdam,Rotterdam,NY,20060,42.7869444,-73.9713889
us,rye,Rye,NY,15056,40.9805556,-73.6841667
us,rye brook,Rye Brook,NY,9620,41.0191667,-73.6838889
us,saint james,Saint James,NY,13436,40.8788889,-73.1572222
us,saratoga springs,Saratoga Springs,NY,27989,43.0830556,-73.7850000
us,sayville,Sayville,NY,16691,40.7358333,-73.0825000
us,scarsdale,Scarsdale,NY,17920,41.0050000,-73.7850000
us,schenectady,Schenectady,NY,60280,42.8141667,-73.9400000
us,seaford,Seaford,NY,15758,40.6658333,-73.4886111
us,selden,Selden,NY,22300,40.8663889,-73.0361111
us,shirley,Shirley,NY,26431,40.8013889,-72.8680556
us,sleepy hollow,Sleepy Hollow,NY,9286,41.0855556,-73.8588889
us,smithtown,Smithtown,NY,27300,40.8558333,-73.2011111
us,south farmingdale,South Farmingdale,NY,14798,40.7205556,-73.4405556
us,south huntington,South Huntington,NY,9317,40.8236111,-73.3991667
us,spring valley,Spring Valley,NY,25469,41.1130556,-74.0441667
us,stony brook,Stony Brook,NY,13620,40.9255556,-73.1413889
us,stony point,Stony Point,NY,12234,41.2294444,-73.9875000
us,suffern,Suffern,NY,10972,41.1147222,-74.1500000
us,syosset,Syosset,NY,18204,40.8261111,-73.5025000
us,syracuse,Syracuse,NY,141830,43.0480556,-76.1477778
us,tarrytown,Tarrytown,NY,11460,41.0761111,-73.8591667
us,terryville,Terryville,NY,10656,40.9088889,-73.0655556
us,tonawanda,Tonawanda,NY,15401,43.0202778,-78.8805556
us,troy,Troy,NY,48232,42.7283333,-73.6922222
us,uniondale,Uniondale,NY,24201,40.7002778,-73.5933333
us,utica,Utica,NY,58590,43.1008333,-75.2330556
us,valley stream,Valley Stream,NY,35934,40.6641667,-73.7088889
us,wantagh,Wantagh,NY,19014,40.6836111,-73.5105556
us,watertown,Watertown,NY,28055,43.9747222,-75.9111111
us,watervliet,Watervliet,NY,9967,42.7300000,-73.7016667
us,west babylon,West Babylon,NY,43606,40.7180556,-73.3547222
us,west haverstraw,West Haverstraw,NY,10356,41.2094444,-73.9858333
us,west hempstead,West Hempstead,NY,19064,40.7047222,-73.6505556
us,west islip,West Islip,NY,28911,40.7061111,-73.3066667
us,west seneca,West Seneca,NY,44712,42.8500000,-78.8000000
us,westbury,Westbury,NY,14198,40.7555556,-73.5880556
us,white plains,White Plains,NY,57260,41.0338889,-73.7633333
us,woodmere,Woodmere,NY,16740,40.6319444,-73.7130556
us,yonkers,Yonkers,NY,197818,40.9311111,-73.8991667
